/bakery-cereal-spreads/bakery,Bakery & Cereal Spreads
/bakery-cereal-spreads/cereals-oats,Bakery & Cereal Spreads
/bakery-cereal-spreads/grains-wheats,Bakery & Cereal Spreads
/bakery-cereal-spreads/jams-spreads,Bakery & Cereal Spreads
/beers-wines-spirits/beer-cider,"Beers, Wines & Spirits"
/beers-wines-spirits/champagne-sparkling-wines,"Beers, Wines & Spirits"
/beers-wines-spirits/mixers,"Beers, Wines & Spirits"
/beers-wines-spirits/sake-umeshu,"Beers, Wines & Spirits"
/beers-wines-spirits/spirits,"Beers, Wines & Spirits"
/beers-wines-spirits/wine,"Beers, Wines & Spirits"
/dairy-chilled-frozen/butter-spreads,"Dairy, Chilled & Frozen"
/dairy-chilled-frozen/cakes-pastries,"Dairy, Chilled & Frozen"
/dairy-chilled-frozen/cheese-creams,"Dairy, Chilled & Frozen"
/dairy-chilled-frozen/chilled-beverages,"Dairy, Chilled & Frozen"
/dairy-chilled-frozen/chilled-jellies-puddings,"Dairy, Chilled & Frozen"
/dairy-chilled-frozen/creams,"Dairy, Chilled & Frozen"
/dairy-chilled-frozen/dips,"Dairy, Chilled & Frozen"
/dairy-chilled-frozen/eggs,"Dairy, Chilled & Frozen"
/dairy-chilled-frozen/finger-foods,"Dairy, Chilled & Frozen"
/dairy-chilled-frozen/frozen-fruits-vegetables,"Dairy, Chilled & Frozen"
/dairy-chilled-frozen/ice-cream-sorbets,"Dairy, Chilled & Frozen"
/dairy-chilled-frozen/japanese-chilled-frozen,"Dairy, Chilled & Frozen"
/dairy-chilled-frozen/milk-soya,"Dairy, Chilled & Frozen"
/dairy-chilled-frozen/tofu-noodles-pasta,"Dairy, Chilled & Frozen"
/dairy-chilled-frozen/yoghurts,"Dairy, Chilled & Frozen"
/delicatessen/bacon,"Meat, Seafood & Fresh"
/delicatessen/charcuterie,"Meat, Seafood & Fresh"
/delicatessen/cheese,"Dairy, Chilled & Frozen"
/delicatessen/deli-meats,"Meat, Seafood & Fresh"
/delicatessen/sausages,Food Pantry
/food-pantry/baking-needs,Food Pantry
/food-pantry/biscuits-cakes,Food Pantry
/food-pantry/canned-food,Food Pantry
/food-pantry/condiments-dressings,Food Pantry
/food-pantry/cooking-needs,Food Pantry
/food-pantry/grains-beans-pulses,Food Pantry
/food-pantry/rice,Food Pantry
/food-pantry/rice-noodles-pasta,Food Pantry
/fruits-vegetables/canned-chilled-frozen,Fruits & Vegetables
/fruits-vegetables/dried-fruits,Fruits & Vegetables
/fruits-vegetables/fresh-fruits,Fruits & Vegetables
/fruits-vegetables/fresh-vegetables,Fruits & Vegetables
/fruits-vegetables/salads,Fruits & Vegetables
/health-beauty/body-care,Health & Beauty
/health-beauty/facial-care,Health & Beauty
/health-beauty/feminine-care,Health & Beauty
/health-beauty/hair-care,Health & Beauty
/health-beauty/health-care,Health & Beauty
/health-beauty/men-s-toiletries,Health & Beauty
/health-beauty/oral-care,Health & Beauty
/home-kitchen-cleaning/appliances,"Home, Kitchen & Cleaning"
/home-kitchen-cleaning/dishwashing,"Home, Kitchen & Cleaning"
/home-kitchen-cleaning/diy,"Home, Kitchen & Cleaning"
/home-kitchen-cleaning/household-cleaning,"Home, Kitchen & Cleaning"
/home-kitchen-cleaning/kitchenware,"Home, Kitchen & Cleaning"
/home-kitchen-cleaning/laundry,"Home, Kitchen & Cleaning"
/home-kitchen-cleaning/party-needs,"Home, Kitchen & Cleaning"
/home-kitchen-cleaning/pet-care,"Home, Kitchen & Cleaning"
/home-kitchen-cleaning/tissue-paper-towels,"Home, Kitchen & Cleaning"
/meat-seafood/bacon-hams-sausages,"Meat, Seafood & Fresh"
/meat-seafood/deli-seafood,"Meat, Seafood & Fresh"
/meat-seafood/fishballs-fishcakes-crabsticks,"Meat, Seafood & Fresh"
/meat-seafood/fresh-meats,"Meat, Seafood & Fresh"
/meat-seafood/fresh-seafood,"Meat, Seafood & Fresh"
/meat-seafood/frozen-meats,"Meat, Seafood & Fresh"
/meat-seafood/frozen-seafood,"Meat, Seafood & Fresh"
/meat-seafood/salami,"Meat, Seafood & Fresh"
/mum-baby/accesories,"Mum, Baby & Kids"
/mum-baby/baby-food,"Mum, Baby & Kids"
/mum-baby/baby-milk,"Mum, Baby & Kids"
/mum-baby/baby-toiletries-laundry,"Mum, Baby & Kids"
/mum-baby/diapers-wipes,"Mum, Baby & Kids"
/mum-baby/infant-powder,"Mum, Baby & Kids"
/mum-baby/milk-for-mums,"Mum, Baby & Kids"
/our-exclusive-brands/Yu-Pin-King1,Food Pantry
/our-exclusive-brands/waitrose,Food Pantry
/ready-meals/dessert,Ready Meals
/ready-meals/dim-sum,Ready Meals
/ready-meals/juice-drinks,Ready Meals
/ready-meals/meals,Ready Meals
/ready-meals/snacks,Ready Meals
/ready-meals/soup-stews,Ready Meals
/snacks-drinks/asian-drinks,Snacks & Drinks
/snacks-drinks/chocolate-malts,Snacks & Drinks
/snacks-drinks/chocolates-sweets,Snacks & Drinks
/snacks-drinks/coffee,Snacks & Drinks
/snacks-drinks/cordials-syrups,Snacks & Drinks
/snacks-drinks/creamers-sweeteners,Snacks & Drinks
/snacks-drinks/juices,Snacks & Drinks
/snacks-drinks/milk,Snacks & Drinks
/snacks-drinks/snacks,Snacks & Drinks
/snacks-drinks/soft-drinks,Snacks & Drinks
/snacks-drinks/sports-energy-drinks,Snacks & Drinks
/snacks-drinks/tea,Snacks & Drinks
/snacks-drinks/water,Snacks & Drinks