coles,none
morrisons,none
marks--spencer,none
australia-7,none
usa-3,none
china-1,none
uk,none
malaysia,none
festive-snacks,Snacks & Drinks
gifts-and-hampers,Snacks & Drinks
reunion-feast-essentials,Snacks & Drinks
mandarin-oranges-1,Fruits & Vegetables
plants-and-decorations,"Home, Kitchen & Cleaning"
infant-formula--1,"Mum, Baby & Kids"
milk-powder,"Mum, Baby & Kids"
food,Snacks & Drinks
nursing-feeding-1,"Mum, Baby & Kids"
baby-toiletries---health,"Mum, Baby & Kids"
baby-laundry---cleaning,"Mum, Baby & Kids"
toys---play,"Mum, Baby & Kids"
diapers-3074457345616687146-1,"Mum, Baby & Kids"
baby-furniture,"Mum, Baby & Kids"
baby-clothing---accessories,"Mum, Baby & Kids"
maternity-for-moms,"Mum, Baby & Kids"
baby-gear,"Mum, Baby & Kids"
baby-safety--1,"Mum, Baby & Kids"
breads--1,Bakery & Cereal Spreads
hair-care-2,Health & Beauty
bath--body,Health & Beauty
facial-care,Health & Beauty
oral-care-1,Health & Beauty
hand---foot-care,Health & Beauty
feminine-care,Health & Beauty
hair-removal-2,Health & Beauty
nail-care,Health & Beauty
makeup,Health & Beauty
beauty-appliances,Health & Beauty
eggs,"Dairy, Chilled & Frozen"
fresh-milk--1,"Dairy, Chilled & Frozen"
uht-milk--1,"Dairy, Chilled & Frozen"
cheese,"Dairy, Chilled & Frozen"
butter--margarine---spreads,Bakery & Cereal Spreads
cream,"Dairy, Chilled & Frozen"
yoghurt,"Dairy, Chilled & Frozen"
delicatessen,"Meat, Seafood & Fresh"
chilled-food,"Dairy, Chilled & Frozen"
chilled-beverages,"Dairy, Chilled & Frozen"
chilled-dessert,"Dairy, Chilled & Frozen"
coffee,Snacks & Drinks
tea,Snacks & Drinks
juices--1,Snacks & Drinks
beverages,Snacks & Drinks
water,Snacks & Drinks
drink-mixers,Snacks & Drinks
beer,"Beers, Wines & Spirits"
wine-12,"Beers, Wines & Spirits"
champagne--sparkling-wine-1,"Beers, Wines & Spirits"
spirits,"Beers, Wines & Spirits"
non-alcoholic,Snacks & Drinks
drinking-accessories,"Beers, Wines & Spirits"
breakfast-1,Ready Meals
ready-to-eat--1,Ready Meals
canned-food,Food Pantry
"jams,-spreads--honey",Food Pantry
ice-cream-6,"Dairy, Chilled & Frozen"
frozen-dessert,"Dairy, Chilled & Frozen"
frozen-food,"Dairy, Chilled & Frozen"
frozen-meat,"Dairy, Chilled & Frozen"
frozen-seafood,"Dairy, Chilled & Frozen"
fruits,Fruits & Vegetables
vegetables,Fruits & Vegetables
vitamins--supplements,Health & Beauty
topical-medication,Health & Beauty
childrens-health--supplements,Health & Beauty
oral-medication,Health & Beauty
sexual-health,Health & Beauty
first-aid-1,Health & Beauty
health-monitors--aids,Health & Beauty
housebrand-beer-wine-spirit,"Beers, Wines & Spirits"
housebrand-baby-child-toys,"Mum, Baby & Kids"
housebrand-meat-seafood,"Meat, Seafood & Fresh"
housebrand-dairy-chilled-eggs,"Dairy, Chilled & Frozen"
housebrand-frozen,"Dairy, Chilled & Frozen"
housebrand-rice-noodles-cooking-ingredients,Food Pantry
housebrand-drinks,Snacks & Drinks
housebrand-household,"Home, Kitchen & Cleaning"
electrical--lifestyle-1,"Home, Kitchen & Cleaning"
health--wellness-1,Health & Beauty
beauty--personal-care-1,Health & Beauty
food-cupboard-7,Snacks & Drinks
snacks--confectionery-1,Snacks & Drinks
laundry-care,"Home, Kitchen & Cleaning"
detergents,"Home, Kitchen & Cleaning"
dishwashing,"Home, Kitchen & Cleaning"
cleaning-products-1,"Home, Kitchen & Cleaning"
cleaning-tools-1,"Home, Kitchen & Cleaning"
fresheners,"Home, Kitchen & Cleaning"
pest-control,"Home, Kitchen & Cleaning"
paper-tissue,"Home, Kitchen & Cleaning"
kitchen-dining,"Home, Kitchen & Cleaning"
tableware-1,"Home, Kitchen & Cleaning"
drinkware,"Home, Kitchen & Cleaning"
bedding-needs,"Home, Kitchen & Cleaning"
prayer-needs,"Home, Kitchen & Cleaning"
chicken,"Meat, Seafood & Fresh"
pork,"Meat, Seafood & Fresh"
beef-lamb-1,"Meat, Seafood & Fresh"
fish---seafood,"Meat, Seafood & Fresh"
meatballs,"Meat, Seafood & Fresh"
for-dogs,Pet Care
for-cats,Pet Care
for-small-pets-1,Pet Care
for-aquatic-animals-1,Pet Care
baking-needs,Food Pantry
rice,Food Pantry
noodles--1,Food Pantry
pasta--1,Food Pantry
sugar-sweeteners,Food Pantry
oil,Food Pantry
cooking-paste---sauces,Food Pantry
seasonings,Food Pantry
soups,Ready Meals
dried-food,Snacks & Drinks
sweets-1,Snacks & Drinks
chocolates-1,Snacks & Drinks
biscuits,Snacks & Drinks
snacks,Snacks & Drinks
dried-fruits--nuts,Snacks & Drinks
party-supplies,"Home, Kitchen & Cleaning"
partyware,"Home, Kitchen & Cleaning"
electronics-appliances,"Home, Kitchen & Cleaning"
home-appliances-1,"Home, Kitchen & Cleaning"
automotive,"Home, Kitchen & Cleaning"
lighting,"Home, Kitchen & Cleaning"
outdoor,Lifestyle Outdoors
fashion--accessories,"Home, Kitchen & Cleaning"
games--toys,"Mum, Baby & Kids"
books--1,"Mum, Baby & Kids"
batteries,"Home, Kitchen & Cleaning"
stationery-5,"Home, Kitchen & Cleaning"
gardening-3,Lifestyle Outdoors
travel-essentials-1,Lifestyle Outdoors